{"stats":{"minecraft:picked_up":{"minecraft:feather":1,"minecraft:chicken":1,"minecraft:wheat_seeds":1,"minecraft:dirt":15},"minecraft:custom":{"minecraft:jump":113,"minecraft:time_since_rest":10007,"minecraft:leave_game":1,"minecraft:damage_dealt":90,"minecraft:crouch_one_cm":180,"minecraft:sprint_one_cm":7580,"minecraft:play_time":10007,"minecraft:time_since_death":10007,"minecraft:walk_one_cm":9120,"minecraft:sneak_time":53,"minecraft:total_world_time":10007,"minecraft:mob_kills":1,"minecraft:fall_one_cm":2833,"minecraft:fly_one_cm":33897},"minecraft:killed":{"minecraft:chicken":1},"minecraft:mined":{"minecraft:grass":2,"minecraft:grass_block":15}},"DataVersion":3465}